date,open,high,low,close,volume,dividends,stock splits
2024-04-29,3262.3408203125,3285.46875,3116.199951171875,3215.428955078125,15032246816,0.0,0.0
2024-04-30,3215.381103515625,3249.37841796875,2918.228759765625,3012.286865234375,18266894653,0.0,0.0
2024-05-01,3011.015625,3020.17333984375,2815.92333984375,2969.78466796875,20005057445,0.0,0.0
2024-05-02,2969.79443359375,3015.05029296875,2894.329833984375,2988.16845703125,13163903903,0.0,0.0
2024-05-03,2988.134521484375,3127.1552734375,2960.18212890625,3103.5419921875,12862183229,0.0,0.0
2024-05-04,3103.61962890625,3167.541259765625,3096.267578125,3117.576416015625,8283229638,0.0,0.0
2024-05-05,3117.636962890625,3170.05517578125,3075.586181640625,3137.2490234375,8783447639,0.0,0.0
2024-05-06,3137.51025390625,3220.15234375,3048.238525390625,3062.728759765625,13008587255,0.0,0.0
2024-05-07,3062.7509765625,3129.081298828125,3003.013671875,3006.5771484375,11743187337,0.0,0.0
2024-05-08,3006.315673828125,3037.196044921875,2938.47265625,2973.6572265625,11791662158,0.0,0.0
2024-05-09,2973.9716796875,3057.958251953125,2951.223876953125,3036.0205078125,10861947179,0.0,0.0
2024-05-10,3036.231201171875,3052.7294921875,2881.000732421875,2909.791259765625,12278653601,0.0,0.0
2024-05-11,2909.845458984375,2942.1787109375,2888.083251953125,2911.60205078125,6795916454,0.0,0.0
2024-05-12,2911.658203125,2953.04736328125,2902.201904296875,2928.701904296875,5908941395,0.0,0.0
2024-05-13,2928.81396484375,2994.869140625,2865.134521484375,2949.359619140625,13352264795,0.0,0.0
2024-05-14,2949.213134765625,2959.546630859375,2863.5458984375,2881.157958984375,12444516140,0.0,0.0
2024-05-15,2881.224609375,3041.602294921875,2864.7353515625,3037.056640625,14666902956,0.0,0.0
2024-05-16,3036.01416015625,3041.80712890625,2925.08740234375,2945.131103515625,13035465176,0.0,0.0
2024-05-17,2945.136962890625,3120.3017578125,2934.112548828125,3094.11865234375,14449438097,0.0,0.0
2024-05-18,3094.553466796875,3146.79052734375,3087.704345703125,3122.948974609375,9407051320,0.0,0.0
2024-05-19,3122.82470703125,3137.1484375,3056.75439453125,3071.843017578125,8747800800,0.0,0.0
2024-05-20,3071.85888671875,3690.805908203125,3050.2978515625,3663.85546875,31228143948,0.0,0.0
2024-05-21,3663.01123046875,3837.372802734375,3628.096435546875,3789.312744140625,37643853967,0.0,0.0
2024-05-22,3789.372802734375,3810.948486328125,3655.0751953125,3737.2177734375,25155809461,0.0,0.0
2024-05-23,3737.178466796875,3943.553955078125,3552.642578125,3776.92724609375,45623656317,0.0,0.0
2024-05-24,3776.992431640625,3825.12255859375,3631.990234375,3726.9345703125,22257061429,0.0,0.0
2024-05-25,3726.9755859375,3776.006591796875,3710.5283203125,3749.236572265625,10000027764,0.0,0.0
2024-05-26,3749.179931640625,3879.470703125,3732.02294921875,3825.8974609375,14650794791,0.0,0.0
2024-05-27,3826.127197265625,3973.556396484375,3821.930419921875,3892.0068359375,18949181813,0.0,0.0
2024-05-28,3892.096923828125,3924.895751953125,3771.2138671875,3840.25634765625,19846044324,0.0,0.0
2024-05-29,3840.235107421875,3880.6484375,3742.041259765625,3763.196533203125,17411416736,0.0,0.0
2024-05-30,3763.357666015625,3823.643310546875,3702.263671875,3746.849609375,15065849797,0.0,0.0
2024-05-31,3746.861572265625,3843.857666015625,3723.835205078125,3760.026611328125,15290700646,0.0,0.0
2024-06-01,3759.88427734375,3829.294677734375,3749.840087890625,3813.198974609375,8661024535,0.0,0.0
2024-06-02,3813.275634765625,3834.911865234375,3752.41455078125,3780.89599609375,11126903059,0.0,0.0
2024-06-03,3780.854248046875,3848.60302734375,3758.919921875,3766.38916015625,14082454300,0.0,0.0
2024-06-04,3766.476318359375,3831.364990234375,3738.13427734375,3812.515869140625,13331489271,0.0,0.0
2024-06-05,3812.560791015625,3887.48583984375,3778.65576171875,3864.260986328125,15480034434,0.0,0.0
2024-06-06,3864.263427734375,3878.05224609375,3761.775390625,3811.60595703125,13606583873,0.0,0.0
2024-06-07,3811.666015625,3838.4521484375,3615.2802734375,3678.629150390625,18220286186,0.0,0.0
2024-06-08,3677.400390625,3707.497314453125,3669.637939453125,3680.949951171875,9096091805,0.0,0.0
2024-06-09,3680.93603515625,3719.36767578125,3668.12353515625,3705.90380859375,7910768788,0.0,0.0
2024-06-10,3705.877197265625,3711.4287109375,3648.16455078125,3666.717529296875,10377300126,0.0,0.0
2024-06-11,3666.35888671875,3669.890869140625,3434.7490234375,3498.33056640625,19184721538,0.0,0.0
2024-06-12,3497.89697265625,3652.4921875,3463.784912109375,3559.61767578125,17142905351,0.0,0.0
2024-06-13,3559.725341796875,3559.725341796875,3431.33349609375,3469.28125,14472382154,0.0,0.0
2024-06-14,3467.969970703125,3528.602294921875,3366.223876953125,3480.27197265625,15793876596,0.0,0.0
2024-06-15,3479.78564453125,3589.887451171875,3473.45263671875,3565.549560546875,12733651076,0.0,0.0
2024-06-16,3566.761962890625,3648.093017578125,3541.534423828125,3620.5634765625,9878388158,0.0,0.0
2024-06-17,3622.383544921875,3634.285400390625,3468.14892578125,3511.37890625,17838856988,0.0,0.0
2024-06-18,3510.565185546875,3514.17724609375,3371.59033203125,3483.681396484375,21022514455,0.0,0.0
2024-06-19,3482.350830078125,3583.320068359375,3466.48095703125,3559.347412109375,15275373778,0.0,0.0
2024-06-20,3559.347412109375,3623.886474609375,3485.4599609375,3511.0869140625,16115123753,0.0,0.0
2024-06-21,3511.268310546875,3542.957275390625,3447.935546875,3516.07568359375,15933353456,0.0,0.0
2024-06-22,3516.55126953125,3519.49755859375,3477.169921875,3494.8134765625,7423703673,0.0,0.0
2024-06-23,3494.953857421875,3519.324951171875,3408.5830078125,3418.61181640625,9418141333,0.0,0.0
2024-06-24,3418.783203125,3430.698974609375,3244.241455078125,3350.25634765625,23137744903,0.0,0.0
2024-06-25,3350.5556640625,3422.21337890625,3335.556884765625,3395.029052734375,13235546063,0.0,0.0
2024-06-26,3394.373291015625,3421.509521484375,3328.390625,3369.477294921875,11694054195,0.0,0.0
2024-06-27,3368.88623046875,3470.923095703125,3362.2646484375,3444.800537109375,11771834016,0.0,0.0
2024-06-28,3445.498779296875,3482.95751953125,3363.4375,3373.635986328125,12861158844,0.0,0.0
2024-06-29,3373.68994140625,3401.730224609375,3369.552734375,3372.9677734375,6584792001,0.0,0.0
2024-06-30,3373.07568359375,3453.21142578125,3352.284423828125,3432.88916015625,8396416013,0.0,0.0
2024-07-01,3432.607421875,3513.310791015625,3425.3232421875,3440.341552734375,12281551839,0.0,0.0
2024-07-02,3439.38134765625,3459.761474609375,3399.026123046875,3416.354736328125,9421757718,0.0,0.0
2024-07-03,3416.2548828125,3426.332275390625,3254.521240234375,3292.916748046875,16121324440,0.0,0.0
2024-07-04,3291.81787109375,3309.20361328125,3054.52197265625,3054.52197265625,20252514386,0.0,0.0
2024-07-05,3057.833251953125,3106.152587890625,2826.014404296875,2981.5986328125,31131942647,0.0,0.0
2024-07-06,2981.988037109375,3080.107421875,2957.395751953125,3069.3779296875,11586293705,0.0,0.0
2024-07-07,3067.405029296875,3072.814453125,2923.959228515625,2929.38720703125,10857947538,0.0,0.0
2024-07-08,2929.861572265625,3090.66455078125,2826.481689453125,3018.73193359375,22627377457,0.0,0.0
2024-07-09,3018.80322265625,3105.800537109375,3005.522216796875,3064.032958984375,15269945822,0.0,0.0
2024-07-10,3066.13720703125,3148.407470703125,3026.6083984375,3102.21875,14578679176,0.0,0.0
2024-07-11,3101.335205078125,3208.9384765625,3057.21923828125,3100.330810546875,15230095766,0.0,0.0
2024-07-12,3099.989990234375,3154.6015625,3048.508056640625,3134.15869140625,12751638331,0.0,0.0
2024-07-13,3134.550537109375,3199.989501953125,3115.080322265625,3177.19873046875,8565105946,0.0,0.0
2024-07-14,3176.741455078125,3266.487548828125,3166.43115234375,3244.0791015625,10517709666,0.0,0.0
2024-07-15,3246.131591796875,3494.098388671875,3235.776123046875,3489.552734375,18305490390,0.0,0.0
2024-07-16,3486.14404296875,3498.218994140625,3351.77978515625,3443.513427734375,20446664416,0.0,0.0
2024-07-17,3446.73681640625,3516.104248046875,3379.099609375,3388.75244140625,16739123962,0.0,0.0
2024-07-18,3388.030029296875,3488.715576171875,3374.990478515625,3426.258544921875,15035622003,0.0,0.0
2024-07-19,3425.90869140625,3540.58837890625,3377.877685546875,3505.73486328125,17705629736,0.0,0.0
2024-07-20,3505.721435546875,3539.904296875,3482.489013671875,3519.29541015625,10360198325,0.0,0.0
2024-07-21,3519.426513671875,3546.619140625,3415.44384765625,3536.60546875,13845913681,0.0,0.0
2024-07-22,3536.627197265625,3560.075439453125,3425.795654296875,3440.419921875,18723199034,0.0,0.0
2024-07-23,3440.768310546875,3539.53173828125,3395.4208984375,3481.995849609375,24468405650,0.0,0.0
2024-07-24,3482.15185546875,3487.653076171875,3304.039306640625,3336.33935546875,16040945448,0.0,0.0
2024-07-25,3336.3623046875,3341.4384765625,3088.764404296875,3174.42724609375,25293745810,0.0,0.0
2024-07-26,3174.051025390625,3285.760986328125,3172.777099609375,3275.951416015625,15993893521,0.0,0.0
2024-07-27,3275.8916015625,3327.426513671875,3195.356689453125,3247.60791015625,15198233287,0.0,0.0
2024-07-28,3247.50732421875,3283.152099609375,3201.76318359375,3271.464599609375,8959236446,0.0,0.0
2024-07-29,3271.453369140625,3396.625732421875,3257.715576171875,3320.539306640625,18334852719,0.0,0.0
2024-07-30,3320.63525390625,3365.322509765625,3235.760009765625,3278.667724609375,14045773047,0.0,0.0
2024-07-31,3278.6865234375,3347.636474609375,3216.07177734375,3231.295654296875,16135380637,0.0,0.0
2024-08-01,3231.248779296875,3241.77734375,3078.5439453125,3201.564453125,20217639556,0.0,0.0
2024-08-02,3201.599365234375,3214.527099609375,2965.73388671875,2986.01318359375,21400241741,0.0,0.0
2024-08-03,2985.950927734375,3015.296142578125,2861.177490234375,2903.3857421875,17844091431,0.0,0.0
2024-08-04,2903.088623046875,2931.4716796875,2639.566650390625,2686.39892578125,21139601426,0.0,0.0
2024-08-05,2686.027587890625,2695.88671875,2122.546142578125,2417.206298828125,67668132244,0.0,0.0
2024-08-06,2417.269775390625,2553.5810546875,2416.527099609375,2458.723876953125,26041995921,0.0,0.0
2024-08-07,2458.989013671875,2551.560791015625,2312.168701171875,2336.58935546875,24264218606,0.0,0.0
2024-08-08,2336.9150390625,2721.95458984375,2322.529541015625,2683.352783203125,23468291180,0.0,0.0
2024-08-09,2683.719970703125,2706.451171875,2555.2294921875,2599.5986328125,17907141655,0.0,0.0
2024-08-10,2599.582275390625,2642.92578125,2580.661865234375,2610.02294921875,9361014219,0.0,0.0
2024-08-11,2609.9697265625,2718.797607421875,2544.1748046875,2553.252197265625,13595441987,0.0,0.0
2024-08-12,2553.49658203125,2749.135009765625,2513.39404296875,2724.431884765625,21653090666,0.0,0.0
2024-08-13,2724.303466796875,2737.990478515625,2613.80126953125,2703.671875,16383053029,0.0,0.0
2024-08-14,2703.5869140625,2775.281005859375,2636.705322265625,2662.914794921875,15825365408,0.0,0.0
2024-08-15,2662.885498046875,2675.314453125,2518.670654296875,2570.087646484375,16345801912,0.0,0.0
2024-08-16,2570.085205078125,2629.383544921875,2553.071533203125,2593.1865234375,13275561555,0.0,0.0
2024-08-17,2593.1669921875,2626.6728515625,2588.78515625,2614.546875,6676568717,0.0,0.0
2024-08-18,2614.109619140625,2684.031005859375,2596.735107421875,2613.357177734375,9207267415,0.0,0.0
2024-08-19,2612.718505859375,2648.284423828125,2566.401123046875,2637.306396484375,11968963282,0.0,0.0
2024-08-20,2637.306396484375,2695.913818359375,2556.74755859375,2573.10693359375,13249483464,0.0,0.0
2024-08-21,2573.10888671875,2662.953369140625,2538.65771484375,2631.3955078125,12766015263,0.0,0.0
2024-08-22,2630.8642578125,2644.82373046875,2587.110595703125,2622.951416015625,10723280428,0.0,0.0
2024-08-23,2622.916015625,2799.329833984375,2622.5810546875,2764.447021484375,16857181970,0.0,0.0
2024-08-24,2765.4814453125,2820.0205078125,2737.776611328125,2769.3896484375,11765811307,0.0,0.0
2024-08-25,2769.09814453125,2793.012939453125,2736.0888671875,2749.15771484375,9375535539,0.0,0.0
2024-08-26,2749.24755859375,2763.004150390625,2668.88671875,2681.340576171875,12282035835,0.0,0.0
2024-08-27,2681.622802734375,2700.15283203125,2401.175048828125,2458.7265625,18028996056,0.0,0.0
2024-08-28,2458.90478515625,2553.820068359375,2422.293701171875,2528.41552734375,20359545410,0.0,0.0
2024-08-29,2528.3623046875,2595.97705078125,2507.50244140625,2528.792724609375,13946434277,0.0,0.0
2024-08-30,2528.732177734375,2539.915283203125,2432.83447265625,2525.822021484375,15526218255,0.0,0.0
2024-08-31,2525.859130859375,2532.389892578125,2493.70556640625,2513.393798828125,6646876013,0.0,0.0
2024-09-01,2513.42431640625,2515.46728515625,2401.88916015625,2427.90234375,11800443265,0.0,0.0
2024-09-02,2427.973388671875,2563.0859375,2426.095947265625,2538.187255859375,12520444224,0.0,0.0
2024-09-03,2538.16064453125,2552.802734375,2419.875244140625,2420.603759765625,11406800197,0.0,0.0
2024-09-04,2420.1923828125,2488.91650390625,2313.26513671875,2448.97705078125,16709600747,0.0,0.0
2024-09-05,2448.98681640625,2465.38525390625,2348.86328125,2367.737548828125,13632325040,0.0,0.0
2024-09-06,2367.700927734375,2406.511962890625,2150.86328125,2223.87646484375,25825618367,0.0,0.0
2024-09-07,2223.92919921875,2310.19482421875,2222.100830078125,2274.107177734375,11124608320,0.0,0.0
2024-09-08,2274.437744140625,2332.359375,2243.911376953125,2297.29296875,10718443487,0.0,0.0
2024-09-09,2297.896240234375,2379.78662109375,2274.115478515625,2358.482177734375,15887712451,0.0,0.0
2024-09-10,2358.497802734375,2398.50390625,2323.07177734375,2389.5810546875,12795818970,0.0,0.0
2024-09-11,2389.603759765625,2389.71826171875,2279.0537109375,2339.841552734375,15355180967,0.0,0.0
2024-09-12,2339.8408203125,2390.186767578125,2316.15771484375,2361.78173828125,12162634681,0.0,0.0
2024-09-13,2361.740966796875,2462.802978515625,2338.14404296875,2441.607177734375,13759640866,0.0,0.0
2024-09-14,2441.580810546875,2442.632080078125,2386.979736328125,2418.595703125,8170291680,0.0,0.0
2024-09-15,2418.26611328125,2430.38330078125,2286.628173828125,2320.897216796875,10155470375,0.0,0.0
2024-09-16,2320.89453125,2334.789794921875,2253.715087890625,2295.28369140625,16819033263,0.0,0.0
2024-09-17,2295.284423828125,2392.149169921875,2263.79296875,2341.707763671875,15356783863,0.0,0.0
2024-09-18,2341.73291015625,2369.72900390625,2278.66455078125,2369.72900390625,18159056422,0.0,0.0
2024-09-19,2369.374755859375,2492.20458984375,2369.374755859375,2464.752197265625,18437147349,0.0,0.0
2024-09-20,2464.7822265625,2571.99267578125,2439.3779296875,2561.072021484375,19112788620,0.0,0.0
2024-09-21,2560.879638671875,2621.62255859375,2530.837890625,2615.857177734375,10797825021,0.0,0.0
2024-09-22,2615.84814453125,2632.039306640625,2528.522216796875,2582.862548828125,13180663011,0.0,0.0
2024-09-23,2582.77490234375,2701.677734375,2541.910400390625,2648.54638671875,19912841456,0.0,0.0
2024-09-24,2648.482177734375,2671.27587890625,2593.152099609375,2654.35498046875,16658812503,0.0,0.0
2024-09-25,2654.361572265625,2672.4619140625,2557.724365234375,2579.388671875,14119729962,0.0,0.0
2024-09-26,2579.217529296875,2665.99267578125,2559.954345703125,2632.199951171875,17336033595,0.0,0.0
2024-09-27,2632.241943359375,2728.067626953125,2616.950927734375,2695.900634765625,17023020294,0.0,0.0
2024-09-28,2695.81591796875,2704.9287109375,2652.25048828125,2677.5390625,10252590559,0.0,0.0
2024-09-29,2677.628662109375,2683.44580078125,2635.5849609375,2659.346923828125,11126215671,0.0,0.0
2024-09-30,2659.292724609375,2662.489013671875,2576.97607421875,2603.062744140625,17826446789,0.0,0.0
2024-10-01,2603.26416015625,2657.615478515625,2415.07861328125,2448.921142578125,25482371785,0.0,0.0
2024-10-02,2448.877197265625,2498.121337890625,2354.539306640625,2365.231689453125,20148256472,0.0,0.0
2024-10-03,2365.213623046875,2402.862548828125,2311.02783203125,2349.791259765625,18051447791,0.0,0.0
2024-10-04,2349.73291015625,2440.242431640625,2339.870849609375,2414.7939453125,14879264082,0.0,0.0
2024-10-05,2414.84716796875,2427.517578125,2390.844482421875,2415.6318359375,8152969183,0.0,0.0
2024-10-06,2415.53173828125,2456.630615234375,2407.099365234375,2439.957763671875,8458690205,0.0,0.0
2024-10-07,2439.94482421875,2520.40625,2405.13427734375,2421.796630859375,17414044416,0.0,0.0
2024-10-08,2421.98095703125,2464.12744140625,2400.5107421875,2439.8408203125,14067361080,0.0,0.0
2024-10-09,2439.840087890625,2470.9130859375,2350.946533203125,2368.283447265625,14954047093,0.0,0.0
2024-10-10,2368.273193359375,2417.2880859375,2329.78466796875,2383.85791015625,15327769940,0.0,0.0
2024-10-11,2383.940185546875,2470.395751953125,2380.504638671875,2436.513427734375,13489061564,0.0,0.0
2024-10-12,2436.515625,2488.23779296875,2434.202880859375,2476.523193359375,9372169184,0.0,0.0
2024-10-13,2476.520263671875,2484.12939453125,2436.9697265625,2467.677001953125,9189490605,0.0,0.0
2024-10-14,2467.6474609375,2652.8818359375,2443.552978515625,2628.89990234375,21434687898,0.0,0.0
2024-10-15,2629.017578125,2685.166748046875,2537.94091796875,2606.02197265625,22003780898,0.0,0.0
2024-10-16,2606.01953125,2644.854248046875,2589.60693359375,2611.10205078125,17012396419,0.0,0.0
2024-10-17,2611.192138671875,2646.8740234375,2577.305908203125,2604.2734375,15150712321,0.0,0.0
2024-10-18,2604.814453125,2674.371826171875,2595.958984375,2641.55224609375,17043738652,0.0,0.0
2024-10-19,2641.48828125,2661.872802734375,2631.656982421875,2648.656982421875,8557834553,0.0,0.0
2024-10-20,2648.665771484375,2756.436767578125,2635.94580078125,2746.364013671875,14559296242,0.0,0.0
2024-10-21,2746.3056640625,2765.549560546875,2655.29443359375,2665.712158203125,17328615363,0.0,0.0
2024-10-22,2665.65673828125,2669.7900390625,2605.61865234375,2620.197509765625,15541911074,0.0,0.0
2024-10-23,2620.088623046875,2624.450439453125,2457.169921875,2509.098876953125,17876984551,0.0,0.0
2024-10-24,2523.60693359375,2559.1513671875,2506.722900390625,2534.49853515625,16128627601,0.0,0.0
2024-10-25,2534.454833984375,2563.734130859375,2381.45068359375,2435.93408203125,22560233078,0.0,0.0
2024-10-26,2436.050048828125,2503.23046875,2427.46142578125,2479.603271484375,13597102184,0.0,0.0
2024-10-27,2479.93701171875,2523.17138671875,2462.27197265625,2505.940673828125,9801434566,0.0,0.0
2024-10-28,2505.590576171875,2587.43017578125,2470.268310546875,2565.34814453125,18971841402,0.0,0.0
2024-10-29,2565.41796875,2680.054443359375,2560.15380859375,2637.95751953125,22185845095,0.0,0.0
2024-10-30,2637.64013671875,2720.271484375,2600.609619140625,2657.37255859375,22382690746,0.0,0.0
2024-10-31,2657.213134765625,2667.5595703125,2501.572265625,2515.79931640625,19760409505,0.0,0.0
2024-11-01,2515.870361328125,2583.777099609375,2467.8193359375,2511.885498046875,20215438328,0.0,0.0
2024-11-02,2512.208251953125,2522.360595703125,2471.95556640625,2491.068603515625,9639457439,0.0,0.0
2024-11-03,2491.094482421875,2495.4365234375,2411.3984375,2456.42529296875,15667779706,0.0,0.0
2024-11-04,2456.09521484375,2488.350341796875,2359.578125,2397.0263671875,17110200696,0.0,0.0
2024-11-05,2397.036376953125,2478.618896484375,2380.601318359375,2422.650634765625,17894057485,0.0,0.0
2024-11-06,2422.539306640625,2743.964111328125,2421.81298828125,2724.169189453125,41887574364,0.0,0.0
2024-11-07,2724.005859375,2918.744384765625,2701.5908203125,2895.58544921875,35352318438,0.0,0.0
2024-11-08,2895.597900390625,2983.744873046875,2889.484375,2962.296630859375,32303261101,0.0,0.0
2024-11-09,2962.791015625,3156.3662109375,2957.182373046875,3131.14453125,29210133088,0.0,0.0
2024-11-10,3130.729248046875,3249.9140625,3073.248779296875,3191.331298828125,47418730187,0.0,0.0
2024-11-11,3191.656982421875,3389.529296875,3109.76953125,3374.81298828125,55417771668,0.0,0.0
2024-11-12,3375.15478515625,3444.154052734375,3211.198486328125,3246.25732421875,56686078066,0.0,0.0
2024-11-13,3244.543212890625,3337.877197265625,3121.666015625,3192.595947265625,52010205682,0.0,0.0
2024-11-14,3192.5205078125,3240.270751953125,3032.971923828125,3058.94873046875,35743352141,0.0,0.0
2024-11-15,3059.526123046875,3130.703857421875,3016.14404296875,3103.04052734375,32701369872,0.0,0.0
2024-11-16,3089.739990234375,3218.089599609375,3073.286376953125,3133.27392578125,26650658846,0.0,0.0
2024-11-17,3133.306640625,3160.152587890625,3039.246826171875,3075.66162109375,28348163224,0.0,0.0
2024-11-18,3075.722900390625,3225.130615234375,3052.4912109375,3207.8564453125,35445557613,0.0,0.0
2024-11-19,3208.25048828125,3222.00439453125,3070.36279296875,3111.384033203125,29823634432,0.0,0.0
2024-11-20,3111.116943359375,3159.949462890625,3032.603271484375,3072.18798828125,29785491216,0.0,0.0
2024-11-21,3072.05517578125,3388.54296875,3035.8466796875,3361.053955078125,51619069348,0.0,0.0
2024-11-22,3360.654296875,3428.46044921875,3262.808837890625,3331.600830078125,36775716442,0.0,0.0
2024-11-23,3331.6455078125,3499.370849609375,3317.65478515625,3396.223388671875,38835184688,0.0,0.0
2024-11-24,3396.99951171875,3451.80224609375,3288.430908203125,3363.659912109375,27901454185,0.0,0.0
2024-11-25,3364.6015625,3545.27880859375,3304.093994140625,3413.5439453125,51544793988,0.0,0.0
2024-11-26,3412.950927734375,3461.29296875,3255.54296875,3326.517333984375,39902959158,0.0,0.0
2024-11-27,3326.029052734375,3687.009033203125,3303.56787109375,3657.249267578125,43383987191,0.0,0.0
2024-11-28,3656.609619140625,3664.878173828125,3531.87060546875,3579.8115234375,32362724276,0.0,0.0
2024-11-29,3579.91064453125,3647.264404296875,3538.44677734375,3593.494384765625,27622629486,0.0,0.0
2024-11-30,3593.59814453125,3739.934814453125,3572.254150390625,3705.705322265625,30670867436,0.0,0.0
2024-12-01,3706.619873046875,3747.455322265625,3663.234130859375,3711.1650390625,28018113530,0.0,0.0
2024-12-02,3710.495361328125,3761.343017578125,3557.252197265625,3644.198486328125,47284967570,0.0,0.0
2024-12-03,3643.7421875,3670.2197265625,3504.226318359375,3620.711669921875,36839829742,0.0,0.0
2024-12-04,3620.03759765625,3895.17431640625,3617.74462890625,3841.3310546875,56799745752,0.0,0.0
2024-12-05,3840.844482421875,3956.54150390625,3683.4208984375,3811.00830078125,60568296606,0.0,0.0
2024-12-06,3792.20849609375,4093.172119140625,3782.681396484375,4005.810546875,52853668566,0.0,0.0
2024-12-07,4006.02880859375,4029.452880859375,3974.17626953125,4002.692626953125,22574636761,0.0,0.0
2024-12-08,4007.690673828125,4018.0,3927.85400390625,4005.70458984375,20943378971,0.0,0.0
2024-12-09,4006.101806640625,4008.77783203125,3525.23291015625,3718.6904296875,57029832059,0.0,0.0
2024-12-10,3719.00048828125,3780.75341796875,3520.365234375,3631.833740234375,58416417599,0.0,0.0
2024-12-11,3631.276123046875,3850.765380859375,3567.56640625,3832.822021484375,35968053196,0.0,0.0
2024-12-12,3833.172119140625,3987.005859375,3800.0908203125,3883.1015625,42971675764,0.0,0.0
2024-12-13,3883.030029296875,3967.395263671875,3855.023681640625,3911.205322265625,34895127659,0.0,0.0
2024-12-14,3910.847900390625,3943.278076171875,3826.761962890625,3868.4052734375,28756190559,0.0,0.0
2024-12-15,3868.441162109375,3971.498046875,3832.0966796875,3951.941162109375,25069616984,0.0,0.0
2024-12-16,3951.65283203125,4106.95556640625,3882.705322265625,3987.48095703125,46536359669,0.0,0.0
2024-12-17,3987.333984375,4040.337890625,3849.28662109375,3886.76611328125,35418700472,0.0,0.0
2024-12-18,3886.886962890625,3902.715576171875,3617.840576171875,3618.791259765625,48946681636,0.0,0.0
2024-12-19,3619.58203125,3717.662353515625,3330.87255859375,3417.927978515625,58879190250,0.0,0.0
2024-12-20,3417.93017578125,3496.327392578125,3098.20361328125,3472.553466796875,66383827229,0.0,0.0
2024-12-21,3472.589111328125,3552.921630859375,3293.505615234375,3337.222412109375,31579389836,0.0,0.0
2024-12-22,3336.998779296875,3398.657470703125,3219.294921875,3277.53515625,24780768375,0.0,0.0
2024-12-23,3277.51416015625,3461.52783203125,3217.36865234375,3415.785400390625,34496081389,0.0,0.0
2024-12-24,3415.738037109375,3535.857666015625,3355.609130859375,3492.0498046875,23083678195,0.0,0.0
2024-12-25,3491.95751953125,3542.833740234375,3440.09716796875,3493.2353515625,17651873225,0.0,0.0
2024-12-26,3493.30419921875,3512.6044921875,3302.306396484375,3331.225830078125,22247726776,0.0,0.0
2024-12-27,3331.0537109375,3436.710693359375,3302.57568359375,3328.9169921875,24091627403,0.0,0.0
2024-12-28,3328.774658203125,3419.920166015625,3318.033935546875,3397.90234375,14305648523,0.0,0.0
2024-12-29,3397.862548828125,3406.6484375,3321.664794921875,3349.513427734375,13440907792,0.0,0.0
2024-12-30,3349.5859375,3428.52734375,3298.804443359375,3356.392578125,26981583962,0.0,0.0
2024-12-31,3356.394775390625,3444.396728515625,3311.41259765625,3332.53173828125,20845452085,0.0,0.0
2025-01-01,3332.406494140625,3366.531494140625,3310.255859375,3353.504150390625,14195410493,0.0,0.0
2025-01-02,3353.412109375,3493.4482421875,3348.35205078125,3451.392578125,22243574698,0.0,0.0
2025-01-03,3451.680908203125,3627.0556640625,3421.83154296875,3605.009765625,21877299255,0.0,0.0
2025-01-04,3605.20068359375,3669.19677734375,3574.326904296875,3657.706787109375,16060610759,0.0,0.0
2025-01-05,3657.7431640625,3673.81298828125,3594.616943359375,3634.103759765625,12830306908,0.0,0.0
2025-01-06,3634.11376953125,3743.941650390625,3611.21435546875,3688.611328125,23973574043,0.0,0.0
2025-01-07,3688.34130859375,3701.10693359375,3358.08984375,3381.577392578125,32235312545,0.0,0.0
2025-01-08,3381.615478515625,3413.682861328125,3209.214599609375,3326.329345703125,34337730882,0.0,0.0
2025-01-09,3326.359619140625,3355.8623046875,3159.384033203125,3219.4306640625,28815726276,0.0,0.0
2025-01-10,3219.49658203125,3320.50048828125,3196.1103515625,3267.489990234375,26503845190,0.0,0.0
2025-01-11,3267.5224609375,3317.654296875,3219.69873046875,3282.2177734375,11772144561,0.0,0.0
2025-01-12,3282.150390625,3298.018310546875,3224.510498046875,3265.951171875,11647743556,0.0,0.0
2025-01-13,3266.095458984375,3335.193603515625,2920.5927734375,3135.499755859375,39911742769,0.0,0.0
2025-01-14,3135.670166015625,3254.75146484375,3126.805908203125,3223.6845703125,22847737224,0.0,0.0
2025-01-15,3223.6845703125,3473.1015625,3186.139892578125,3450.53759765625,25991614661,0.0,0.0
2025-01-16,3450.30517578125,3458.1806640625,3265.67578125,3308.34521484375,26395516475,0.0,0.0
2025-01-17,3308.191162109375,3525.54345703125,3307.31103515625,3474.107177734375,28200207229,0.0,0.0
2025-01-18,3473.563720703125,3493.06005859375,3228.333740234375,3305.78955078125,32420094038,0.0,0.0
2025-01-19,3305.39794921875,3444.20654296875,3127.623046875,3208.96435546875,57242875399,0.0,0.0
2025-01-20,3208.933837890625,3444.28271484375,3147.52294921875,3278.035400390625,52383187336,0.0,0.0
2025-01-21,3278.43603515625,3365.778076171875,3202.49267578125,3327.40625,32804001146,0.0,0.0
2025-01-22,3327.2373046875,3364.74609375,3223.385986328125,3240.224609375,22171220981,0.0,0.0
2025-01-23,3240.475341796875,3346.732421875,3184.06689453125,3334.714111328125,32419520084,0.0,0.0
2025-01-24,3334.808349609375,3424.89990234375,3277.3232421875,3309.554931640625,25578325671,0.0,0.0
2025-01-25,3309.711669921875,3349.29833984375,3270.273193359375,3317.26953125,13744316078,0.0,0.0
2025-01-26,3317.29150390625,3359.3125,3233.922119140625,3236.13427734375,14471528757,0.0,0.0
2025-01-27,3235.855224609375,3250.396484375,3024.091552734375,3178.92041015625,39412486482,0.0,0.0
2025-01-28,3179.0869140625,3222.7373046875,3040.09228515625,3077.112548828125,20718206194,0.0,0.0
2025-01-29,3076.380126953125,3177.98046875,3055.181640625,3112.9990234375,22727786058,0.0,0.0
2025-01-30,3113.289794921875,3282.986328125,3093.123779296875,3247.780029296875,19958405782,0.0,0.0
2025-01-31,3247.8671875,3437.569091796875,3214.935546875,3298.26513671875,30128115902,0.0,0.0
2025-02-01,3298.822265625,3329.6552734375,3103.9189453125,3118.32861328125,19917507079,0.0,0.0
2025-02-02,3118.611572265625,3161.894287109375,2755.474609375,2868.69287109375,42060930305,0.0,0.0
2025-02-03,2868.07861328125,2919.477294921875,2159.280517578125,2884.566650390625,92453553253,0.0,0.0
2025-02-04,2883.818359375,2888.25,2636.165771484375,2735.05126953125,48795275985,0.0,0.0
2025-02-05,2735.225830078125,2824.400146484375,2701.10498046875,2787.779052734375,31960764447,0.0,0.0
2025-02-06,2787.65869140625,2857.14208984375,2662.44580078125,2688.40087890625,29500645692,0.0,0.0
2025-02-07,2688.8974609375,2798.02880859375,2564.96826171875,2622.211181640625,29526663418,0.0,0.0
2025-02-08,2623.001953125,2665.484619140625,2591.778564453125,2632.308349609375,17059263074,0.0,0.0
2025-02-09,2632.578125,2695.222412109375,2530.435791015625,2628.72119140625,17517088276,0.0,0.0
2025-02-10,2628.650146484375,2692.80859375,2564.0185546875,2661.166748046875,19414208113,0.0,0.0
2025-02-11,2661.315673828125,2724.90234375,2565.397216796875,2602.781982421875,21156550492,0.0,0.0
2025-02-12,2602.828125,2794.867431640625,2551.174560546875,2736.902099609375,26919387954,0.0,0.0
2025-02-13,2737.028564453125,2756.443359375,2615.667724609375,2675.902587890625,19481004625,0.0,0.0
2025-02-14,2675.939453125,2790.023681640625,2666.26806640625,2726.091552734375,17732289901,0.0,0.0
2025-02-15,2726.07470703125,2738.68115234375,2668.53173828125,2693.559814453125,10803019357,0.0,0.0
2025-02-16,2693.5625,2724.096435546875,2655.297607421875,2663.31591796875,10593602117,0.0,0.0
2025-02-17,2663.2294921875,2848.7841796875,2640.18212890625,2743.19970703125,24170425078,0.0,0.0
2025-02-18,2743.02294921875,2754.6767578125,2606.900390625,2669.3388671875,23004152928,0.0,0.0
2025-02-19,2669.21337890625,2735.917724609375,2656.375732421875,2715.77099609375,15272401903,0.0,0.0
2025-02-20,2715.6826171875,2770.030517578125,2708.216064453125,2740.386474609375,15917259320,0.0,0.0
2025-02-21,2740.022216796875,2842.8271484375,2616.91943359375,2659.655517578125,31441524621,0.0,0.0
2025-02-22,2660.035888671875,2797.057861328125,2653.867431640625,2764.029296875,16403164397,0.0,0.0
2025-02-23,2764.031005859375,2850.6103515625,2746.773681640625,2821.310302734375,20493767269,0.0,0.0
2025-02-24,2820.456298828125,2839.010009765625,2478.8994140625,2513.8212890625,29127380459,0.0,0.0
2025-02-25,2514.2109375,2529.669189453125,2326.632080078125,2493.592529296875,40044790246,0.0,0.0
2025-02-26,2493.381591796875,2503.422119140625,2255.054931640625,2331.45263671875,28815111323,0.0,0.0
2025-02-27,2331.51025390625,2378.08740234375,2230.4482421875,2305.484375,24286213447,0.0,0.0
2025-02-28,2305.56005859375,2310.94921875,2076.169921875,2237.9052734375,35737904667,0.0,0.0
2025-03-01,2237.942138671875,2279.873046875,2144.090087890625,2216.643310546875,16135258239,0.0,0.0
2025-03-02,2216.521728515625,2548.811767578125,2175.321533203125,2519.694580078125,34854193845,0.0,0.0
2025-03-03,2519.531005859375,2522.316650390625,2097.076171875,2145.573974609375,31473561910,0.0,0.0
2025-03-04,2145.65283203125,2220.358642578125,1996.767578125,2170.01513671875,33935738380,0.0,0.0
2025-03-05,2169.98681640625,2272.79736328125,2156.099365234375,2241.977294921875,22105432727,0.0,0.0
2025-03-06,2241.906494140625,2319.396240234375,2177.677001953125,2202.476806640625,18509069102,0.0,0.0
2025-03-07,2202.498291015625,2254.232421875,2103.47265625,2138.987548828125,22425792863,0.0,0.0
2025-03-08,2139.7978515625,2232.3271484375,2107.72802734375,2201.51025390625,10533204814,0.0,0.0
2025-03-09,2201.708740234375,2210.313720703125,1991.1934814453125,2015.5091552734375,16103964994,0.0,0.0
2025-03-10,2015.430419921875,2150.706298828125,1812.766845703125,1861.1513671875,35005066442,0.0,0.0
2025-03-11,1859.7777099609375,1961.7977294921875,1760.9417724609375,1919.844970703125,30898385863,0.0,0.0
2025-03-12,1919.664794921875,1954.5711669921875,1832.01904296875,1908.982666015625,22898872951,0.0,0.0
2025-03-13,1909.015380859375,1919.688232421875,1823.525390625,1862.9696044921875,17977225564,0.0,0.0
2025-03-14,1862.9979248046875,1945.0914306640625,1861.10595703125,1909.467529296875,12122715282,0.0,0.0
2025-03-15,1909.528076171875,1955.2384033203125,1904.9656982421875,1937.3946533203125,6456484591,0.0,0.0
2025-03-16,1937.384765625,1940.474365234375,1863.489013671875,1887.43505859375,9292997638,0.0,0.0
2025-03-17,1887.44921875,1951.6259765625,1880.484375,1927.0029296875,10436892087,0.0,0.0
2025-03-18,1927.0057373046875,1935.1820068359375,1872.5089111328125,1932.54345703125,10170844746,0.0,0.0
2025-03-19,1932.5445556640625,2068.764404296875,1928.24951171875,2057.7490234375,20065206266,0.0,0.0
2025-03-20,2057.951171875,2067.483642578125,1952.2432861328125,1982.099853515625,13217865782,0.0,0.0
2025-03-21,1981.85302734375,1994.8914794921875,1937.2115478515625,1964.8475341796875,9708125480,0.0,0.0
2025-03-22,1964.9404296875,2005.0411376953125,1964.27099609375,1980.037841796875,6117036512,0.0,0.0
2025-03-23,1979.983642578125,2019.889404296875,1977.7093505859375,2005.2991943359375,7522339707,0.0,0.0
2025-03-24,2005.7183837890625,2101.9833984375,1978.7637939453125,2077.47900390625,14044912402,0.0,0.0
2025-03-25,2078.568115234375,2096.518310546875,2038.64453125,2067.76416015625,11735658914,0.0,0.0
2025-03-26,2067.5087890625,2078.369140625,1982.412353515625,2009.1893310546875,13178523590,0.0,0.0
2025-03-27,2008.9405517578125,2037.3961181640625,1987.7177734375,2002.357421875,11593274543,0.0,0.0
2025-03-28,2002.4105224609375,2015.454345703125,1863.0106201171875,1895.5029296875,18160526498,0.0,0.0
2025-03-29,1895.5496826171875,1911.90087890625,1799.2008056640625,1827.3203125,12194771785,0.0,0.0
2025-03-30,1827.31103515625,1847.570556640625,1769.4127197265625,1806.2186279296875,9854857162,0.0,0.0
2025-03-31,1806.3165283203125,1852.5513916015625,1778.6922607421875,1823.47998046875,15765030938,0.0,0.0
2025-04-01,1823.5623779296875,1926.302978515625,1820.350341796875,1905.491455078125,15001220420,0.0,0.0
2025-04-02,1905.484619140625,1951.1802978515625,1782.76025390625,1795.313232421875,22593742104,0.0,0.0
2025-04-03,1794.97607421875,1844.071044921875,1751.380859375,1815.63720703125,16450974373,0.0,0.0
2025-04-04,1815.60986328125,1833.956787109375,1760.588623046875,1815.335205078125,18061720814,0.0,0.0
2025-04-05,1815.344970703125,1826.298583984375,1767.5135498046875,1805.9732666015625,6374712479,0.0,0.0
2025-04-06,1805.9630126953125,1815.5748291015625,1539.43798828125,1576.72802734375,22154445576,0.0,0.0
2025-04-07,1576.9498291015625,1634.0411376953125,1415.37353515625,1555.240966796875,46073959047,0.0,0.0
2025-04-08,1554.93212890625,1617.33984375,1447.610107421875,1472.5531005859375,21315312919,0.0,0.0
2025-04-09,1472.6014404296875,1687.18798828125,1386.79931640625,1668.0400390625,39252195855,0.0,0.0
2025-04-10,1668.2017822265625,1669.3941650390625,1474.9141845703125,1522.518798828125,21379604307,0.0,0.0
2025-04-11,1522.4730224609375,1587.53857421875,1505.001953125,1567.1497802734375,14871838813,0.0,0.0
2025-04-12,1567.15576171875,1666.017578125,1546.819580078125,1643.528564453125,12110995013,0.0,0.0
2025-04-13,1643.5010986328125,1648.2867431640625,1564.8388671875,1596.685791015625,13909890792,0.0,0.0
2025-04-14,1596.8818359375,1689.8575439453125,1596.0865478515625,1622.7698974609375,16518325094,0.0,0.0
2025-04-15,1622.7718505859375,1659.836181640625,1585.2291259765625,1588.6324462890625,13175452875,0.0,0.0
2025-04-16,1589.031005859375,1610.7821044921875,1540.0338134765625,1578.1053466796875,15339621551,0.0,0.0
2025-04-17,1578.01416015625,1615.306884765625,1564.1956787109375,1582.54833984375,11312160796,0.0,0.0
2025-04-18,1582.397216796875,1599.4168701171875,1573.9039306640625,1588.9246826171875,7123507323,0.0,0.0
2025-04-19,1588.9697265625,1629.051513671875,1585.4730224609375,1612.9228515625,7168138700,0.0,0.0
2025-04-20,1612.966064453125,1618.436767578125,1566.6915283203125,1587.5142822265625,7642784469,0.0,0.0
2025-04-21,1587.4609375,1656.11962890625,1566.1474609375,1579.7344970703125,15403785611,0.0,0.0
2025-04-22,1579.815185546875,1773.63916015625,1542.0003662109375,1757.3316650390625,23747917555,0.0,0.0
2025-04-23,1757.196533203125,1829.7099609375,1746.924072265625,1796.104248046875,22904644756,0.0,0.0
2025-04-24,1795.9794921875,1801.69140625,1724.74072265625,1769.8316650390625,15207402759,0.0,0.0
2025-04-25,1770.003662109375,1826.696044921875,1740.3319091796875,1786.634521484375,17459399281,0.0,0.0
2025-04-26,1786.532958984375,1839.363037109375,1781.473876953125,1821.881103515625,11926379867,0.0,0.0
2025-04-27,1822.175537109375,1856.44384765625,1785.902099609375,1792.864990234375,11321944113,0.0,0.0
2025-04-28,1792.4461669921875,1827.4822998046875,1747.726806640625,1798.851806640625,17043640437,0.0,0.0
2025-04-29,1798.9122314453125,1842.0330810546875,1782.28125,1799.1756591796875,14734257744,0.0,0.0
2025-04-30,1799.2091064453125,1816.68994140625,1736.1429443359375,1793.775390625,14810431362,0.0,0.0
2025-05-01,1794.041015625,1872.9395751953125,1793.151123046875,1839.2215576171875,15861442721,0.0,0.0
2025-05-02,1839.1748046875,1869.530029296875,1814.73046875,1842.7078857421875,13570171872,0.0,0.0
2025-05-03,1842.7181396484375,1848.246826171875,1812.815673828125,1833.8397216796875,8344452620,0.0,0.0
2025-05-04,1833.647216796875,1849.99853515625,1804.4951171875,1808.59423828125,8918979887,0.0,0.0
2025-05-05,1808.7049560546875,1832.05078125,1783.3148193359375,1819.697509765625,11389336489,0.0,0.0
2025-05-06,1819.7340087890625,1820.796630859375,1753.3154296875,1815.0875244140625,13206516310,0.0,0.0
2025-05-07,1815.0189208984375,1849.658447265625,1788.6873779296875,1811.606689453125,50540755039,0.0,0.0
2025-05-08,1811.54638671875,2222.20556640625,1809.4569091796875,2206.5146484375,37777245241,0.0,0.0
2025-05-09,2206.128173828125,2486.0068359375,2186.054443359375,2345.50732421875,43766026875,0.0,0.0
2025-05-10,2345.760498046875,2597.54345703125,2320.235107421875,2582.422607421875,30265913403,0.0,0.0
2025-05-11,2582.71044921875,2603.264404296875,2441.730712890625,2510.23779296875,26496368543,0.0,0.0
2025-05-12,2510.289306640625,2620.897216796875,2411.594482421875,2496.397705078125,32121858921,0.0,0.0
2025-05-13,2496.33740234375,2736.89013671875,2418.32568359375,2680.129638671875,33528741590,0.0,0.0
2025-05-14,2680.26220703125,2721.949951171875,2549.68505859375,2610.063232421875,26602676588,0.0,0.0
2025-05-15,2610.02783203125,2645.07421875,2482.212890625,2546.85693359375,26637688883,0.0,0.0
2025-05-16,2547.058349609375,2645.60791015625,2532.027099609375,2536.297607421875,21298907763,0.0,0.0
2025-05-17,2536.297607421875,2537.78173828125,2449.0693359375,2475.75439453125,18830706230,0.0,0.0
2025-05-18,2475.76953125,2585.697021484375,2344.668212890625,2498.233642578125,25005164865,0.0,0.0
2025-05-19,2498.800048828125,2545.461181640625,2353.427001953125,2529.166748046875,27351331811,0.0,0.0
2025-05-20,2529.135009765625,2585.619873046875,2446.44677734375,2524.173095703125,23453322578,0.0,0.0
2025-05-21,2524.1591796875,2614.060791015625,2454.537841796875,2552.34716796875,31952904125,0.0,0.0
2025-05-22,2552.766845703125,2691.102294921875,2546.434814453125,2664.156982421875,26596978352,0.0,0.0
2025-05-23,2664.08203125,2731.220703125,2504.87353515625,2526.44189453125,30536501878,0.0,0.0
2025-05-24,2526.387939453125,2575.13134765625,2516.01806640625,2530.646240234375,11380899856,0.0,0.0
2025-05-25,2530.89013671875,2553.869140625,2467.880126953125,2551.763916015625,14556431364,0.0,0.0
2025-05-26,2551.380859375,2598.566650390625,2530.321533203125,2564.138427734375,14936610009,0.0,0.0
2025-05-27,2564.140869140625,2712.28515625,2512.588623046875,2663.06982421875,26264200536,0.0,0.0
2025-05-28,2663.01025390625,2688.7421875,2611.160888671875,2682.212890625,19087366068,0.0,0.0
2025-05-29,2681.84326171875,2784.75244140625,2620.982666015625,2632.65478515625,27567479811,0.0,0.0
2025-05-30,2632.8359375,2648.2607421875,2510.163818359375,2529.943603515625,24599403943,0.0,0.0
2025-05-31,2529.833984375,2550.483642578125,2484.215576171875,2529.08740234375,13992843765,0.0,0.0
2025-06-01,2529.0966796875,2547.77294921875,2472.540771484375,2536.266357421875,13287852482,0.0,0.0
2025-06-02,2536.184814453125,2615.515625,2477.292724609375,2607.097412109375,16744168824,0.0,0.0
2025-06-03,2607.197509765625,2652.418701171875,2582.25048828125,2593.2802734375,18291179016,0.0,0.0
2025-06-04,2593.482666015625,2677.970458984375,2585.73779296875,2608.64306640625,18621211035,0.0,0.0
2025-06-05,2608.607177734375,2640.60400390625,2395.753662109375,2416.28564453125,26194462737,0.0,0.0
2025-06-06,2416.455078125,2530.391845703125,2387.608642578125,2477.19482421875,19407449565,0.0,0.0
2025-06-07,2477.183349609375,2543.048828125,2459.13720703125,2526.50537109375,11664303387,0.0,0.0
2025-06-08,2526.193359375,2547.467041015625,2493.920166015625,2510.787109375,12097170203,0.0,0.0
2025-06-09,2510.838134765625,2693.806640625,2479.867919921875,2681.51708984375,20605172560,0.0,0.0
2025-06-10,2681.285400390625,2824.80810546875,2658.67724609375,2813.517578125,35555755055,0.0,0.0
2025-06-11,2813.73974609375,2877.62939453125,2746.4599609375,2773.529296875,30705408054,0.0,0.0
2025-06-12,2773.597900390625,2784.2626953125,2619.966552734375,2651.795166015625,25924959613,0.0,0.0
2025-06-13,2651.91552734375,2651.91552734375,2443.962646484375,2579.486083984375,37986747138,0.0,0.0
2025-06-14,2579.721435546875,2580.158203125,2491.49072265625,2533.444091796875,14285000473,0.0,0.0
2025-06-15,2533.183349609375,2558.677734375,2493.20458984375,2546.837158203125,13961893828,0.0,0.0
2025-06-16,2547.226806640625,2680.087646484375,2517.145263671875,2540.60498046875,22792449577,0.0,0.0
2025-06-17,2540.314453125,2617.9013671875,2456.64892578125,2510.761474609375,25653232897,0.0,0.0
2025-06-18,2510.81689453125,2546.62744140625,2469.05029296875,2524.301513671875,19873957905,0.0,0.0
2025-06-19,2524.404052734375,2546.76953125,2486.101806640625,2521.653564453125,12782730709,0.0,0.0
2025-06-20,2521.5263671875,2569.0146484375,2371.474365234375,2407.30419921875,22592586688,0.0,0.0
2025-06-21,2407.34765625,2448.41162109375,2222.8125,2300.49560546875,16108791762,0.0,0.0
2025-06-22,2298.8427734375,2313.85302734375,2116.681396484375,2228.213134765625,28458151601,0.0,0.0
2025-06-23,2228.484619140625,2434.23974609375,2191.418212890625,2421.824951171875,26247439429,0.0,0.0
2025-06-24,2421.83056640625,2481.222900390625,2379.5693359375,2448.0087890625,19539047009,0.0,0.0
2025-06-25,2448.7373046875,2468.677978515625,2394.607421875,2419.310302734375,17158118625,0.0,0.0
2025-06-26,2419.15478515625,2519.619873046875,2399.533935546875,2416.146728515625,18300413888,0.0,0.0
2025-06-27,2416.023193359375,2463.15478515625,2386.324951171875,2423.866943359375,15309834970,0.0,0.0
2025-06-28,2423.92529296875,2448.191650390625,2407.76171875,2437.109375,8273074809,0.0,0.0
2025-06-29,2437.11474609375,2523.320556640625,2417.625244140625,2500.9599609375,12500580479,0.0,0.0
2025-06-30,2500.60546875,2521.720458984375,2438.054931640625,2486.46435546875,16859727663,0.0,0.0
2025-07-01,2486.428466796875,2500.591796875,2389.81591796875,2405.792724609375,15025451796,0.0,0.0
2025-07-02,2405.857421875,2616.78369140625,2378.3935546875,2571.33544921875,22792512025,0.0,0.0
2025-07-03,2570.796630859375,2635.192138671875,2558.58251953125,2591.00732421875,20873559425,0.0,0.0
2025-07-04,2590.845703125,2601.11962890625,2475.7548828125,2508.518310546875,17222740209,0.0,0.0
2025-07-05,2508.095947265625,2529.84228515625,2489.00244140625,2517.280029296875,9289382302,0.0,0.0
2025-07-06,2517.280029296875,2603.064697265625,2505.370849609375,2571.236572265625,13190436110,0.0,0.0
2025-07-07,2571.395263671875,2589.324951171875,2517.903564453125,2543.01318359375,18440266947,0.0,0.0
2025-07-08,2542.97265625,2626.66455078125,2525.437744140625,2615.505859375,17537487206,0.0,0.0
2025-07-09,2615.505859375,2794.5185546875,2591.947021484375,2770.777587890625,27229452849,0.0,0.0
2025-07-10,2770.7373046875,2995.152099609375,2757.2666015625,2954.84521484375,33929201261,0.0,0.0
2025-07-11,2954.832763671875,3038.14111328125,2916.95654296875,2957.88623046875,36226558863,0.0,0.0
2025-07-12,2958.333740234375,2979.780029296875,2907.193603515625,2942.91162109375,16317198254,0.0,0.0
2025-07-13,2942.853515625,3016.3935546875,2938.736572265625,2973.35888671875,17361753131,0.0,0.0
2025-07-14,2973.22509765625,3079.985595703125,2965.32373046875,3013.350830078125,36349290556,0.0,0.0
2025-07-15,3013.29345703125,3142.42724609375,2934.371337890625,3139.8896484375,39013656112,0.0,0.0
2025-07-16,3139.8896484375,3422.60302734375,3102.477783203125,3371.5068359375,46771354461,0.0,0.0
2025-07-17,3371.5068359375,3521.685302734375,3315.9990234375,3476.784423828125,47532846793,0.0,0.0
2025-07-18,3476.1240234375,3674.855224609375,3463.38623046875,3549.016357421875,59198465810,0.0,0.0
2025-07-19,3548.926025390625,3608.275634765625,3512.97314453125,3595.273681640625,26031719746,0.0,0.0
2025-07-20,3595.240478515625,3819.398681640625,3582.349609375,3759.471435546875,44600451066,0.0,0.0
2025-07-21,3758.920654296875,3856.76708984375,3705.353759765625,3763.371337890625,42611467663,0.0,0.0
2025-07-22,3762.882080078125,3798.100341796875,3624.140380859375,3749.1455078125,45248868820,0.0,0.0
2025-07-23,3749.238525390625,3765.0263671875,3532.8564453125,3629.70361328125,41283228953,0.0,0.0
2025-07-24,3629.731689453125,3771.381591796875,3514.999267578125,3708.005615234375,40377960354,0.0,0.0
2025-07-25,3708.005615234375,3744.820068359375,3579.962890625,3727.266845703125,42264509577,0.0,0.0
2025-07-26,3727.2373046875,3789.789794921875,3702.774169921875,3741.39599609375,24635287361,0.0,0.0
2025-07-27,3741.25732421875,3876.93359375,3733.681640625,3875.24658203125,28897450394,0.0,0.0
2025-07-28,3875.255859375,3940.652099609375,3756.515869140625,3787.42578125,35831336149,0.0,0.0
2025-07-29,3788.319580078125,3883.997802734375,3716.88330078125,3793.454833984375,35540435995,0.0,0.0
2025-07-30,3793.58251953125,3832.884033203125,3683.14453125,3808.20166015625,34392494235,0.0,0.0
2025-07-31,3808.24609375,3877.47021484375,3685.004150390625,3696.707763671875,32839839444,0.0,0.0
2025-08-01,3696.144287109375,3722.585693359375,3432.3798828125,3488.365966796875,46261558200,0.0,0.0
2025-08-02,3487.956787109375,3535.558837890625,3370.943115234375,3392.7412109375,30165065282,0.0,0.0
2025-08-03,3392.744384765625,3520.831298828125,3357.93896484375,3497.379150390625,19363593865,0.0,0.0
2025-08-04,3497.613037109375,3734.9775390625,3491.554931640625,3718.986083984375,30905749658,0.0,0.0
2025-08-05,3719.81787109375,3720.656494140625,3547.62109375,3611.8994140625,32778742296,0.0,0.0
2025-08-06,3612.038818359375,3698.124755859375,3567.095947265625,3683.920654296875,26924415763,0.0,0.0
2025-08-07,3684.06201171875,3926.204345703125,3650.365966796875,3914.325927734375,38627826066,0.0,0.0
2025-08-08,3914.110595703125,4068.84765625,3882.443115234375,4009.848876953125,45460293892,0.0,0.0
2025-08-09,4009.150634765625,4323.76123046875,4007.709228515625,4263.59912109375,45279715746,0.0,0.0
2025-08-10,4263.552734375,4332.21044921875,4163.9404296875,4254.2177734375,36173931367,0.0,0.0
2025-08-11,4254.2314453125,4362.0927734375,4168.875,4226.966796875,49989853803,0.0,0.0
2025-08-12,4227.20703125,4634.05517578125,4222.3623046875,4590.9248046875,57237189036,0.0,0.0
2025-08-13,4590.65771484375,4784.6689453125,4566.23876953125,4756.27587890625,62550014642,0.0,0.0
2025-08-14,4756.04345703125,4788.5517578125,4461.28173828125,4548.16650390625,75681632806,0.0,0.0
2025-08-15,4549.07568359375,4667.72998046875,4375.54541015625,4439.98876953125,55445715824,0.0,0.0
2025-08-16,4439.998046875,4493.1494140625,4379.16455078125,4426.18017578125,26816931514,0.0,0.0
2025-08-17,4426.259765625,4575.87646484375,4400.71337890625,4473.271484375,31348101438,0.0,0.0
2025-08-18,4473.33056640625,4484.009765625,4229.3798828125,4312.5048828125,53518423360,0.0,0.0
2025-08-19,4312.5302734375,4355.0751953125,4070.535400390625,4073.464111328125,50440367102,0.0,0.0
2025-08-20,4073.168212890625,4376.78955078125,4064.965087890625,4334.50048828125,49577862965,0.0,0.0
2025-08-21,4334.5673828125,4338.826171875,4205.77685546875,4223.2099609375,33618359942,0.0,0.0
2025-08-22,4223.73095703125,4884.22802734375,4209.47216796875,4831.3486328125,75965521535,0.0,0.0
2025-08-23,4831.08837890625,4831.61083984375,4669.72509765625,4776.09033203125,36503623278,0.0,0.0
2025-08-24,4776.70458984375,4953.73291015625,4714.47265625,4779.6474609375,52405003873,0.0,0.0
2025-08-25,4779.76953125,4796.35009765625,4343.947265625,4372.98779296875,63936163545,0.0,0.0
2025-08-26,4372.88037109375,4632.0732421875,4316.30078125,4600.4267578125,53829747706,0.0,0.0
2025-08-27,4600.51025390625,4659.9873046875,4489.2978515625,4503.39306640625,43509902322,0.0,0.0
2025-08-28,4503.63134765625,4629.03125,4435.109375,4507.177734375,36045274078,0.0,0.0
2025-08-29,4507.63134765625,4513.859375,4272.45947265625,4360.15283203125,46899991962,0.0,0.0
2025-08-30,4360.0888671875,4413.27490234375,4264.1953125,4374.1533203125,25883112278,0.0,0.0
2025-08-31,4374.8935546875,4497.1767578125,4373.5966796875,4390.01904296875,26683044984,0.0,0.0
2025-09-01,4389.6259765625,4490.3466796875,4221.24755859375,4314.47021484375,37530746508,0.0,0.0
2025-09-02,4314.39111328125,4414.93408203125,4260.45947265625,4325.36572265625,39884692334,0.0,0.0
2025-09-03,4324.6962890625,4489.19873046875,4286.2060546875,4450.38916015625,35260873497,0.0,0.0
2025-09-04,4450.2158203125,4483.451171875,4268.5888671875,4298.744140625,34919798552,0.0,0.0
2025-09-05,4298.8369140625,4484.361328125,4258.0498046875,4306.98876953125,44163736676,0.0,0.0
2025-09-06,4306.97314453125,4327.43994140625,4244.7548828125,4274.2421875,18108246446,0.0,0.0
2025-09-07,4274.1669921875,4334.2744140625,4271.5341796875,4305.34765625,17426783536,0.0,0.0
2025-09-08,4305.38134765625,4381.27490234375,4279.97216796875,4308.072265625,32277142378,0.0,0.0
2025-09-09,4308.283203125,4381.2265625,4277.85302734375,4309.04150390625,30703320925,0.0,0.0
2025-09-10,4309.091796875,4450.41796875,4286.0625,4349.14599609375,39521365146,0.0,0.0
2025-09-11,4349.2001953125,4471.69873046875,4339.716796875,4461.2333984375,35959212991,0.0,0.0
2025-09-12,4461.4794921875,4734.27392578125,4453.28466796875,4715.24609375,43839753626,0.0,0.0
2025-09-13,4714.70361328125,4763.361328125,4609.12548828125,4668.1796875,34843845977,0.0,0.0
2025-09-14,4668.17138671875,4690.64208984375,4581.84716796875,4609.59765625,28394160275,0.0,0.0
2025-09-15,4609.72314453125,4670.5302734375,4469.861328125,4526.8203125,40224062009,0.0,0.0
2025-09-16,4526.078125,4537.599609375,4428.330078125,4503.564453125,32761501436,0.0,0.0
2025-09-17,4503.6357421875,4617.23486328125,4429.64453125,4592.7333984375,44120899417,0.0,0.0
2025-09-18,4592.44287109375,4643.97265625,4556.27001953125,4589.9189453125,33497259158,0.0,0.0
2025-09-19,4589.505859375,4620.79296875,4443.2646484375,4470.9169921875,30352619653,0.0,0.0
2025-09-20,4470.978515625,4509.81201171875,4459.1591796875,4482.265625,18056494322,0.0,0.0
2025-09-21,4482.583984375,4499.38916015625,4447.119140625,4451.3291015625,19330306133,0.0,0.0
2025-09-22,4451.58056640625,4457.08251953125,4092.396728515625,4202.87744140625,58221334533,0.0,0.0
2025-09-23,4203.021484375,4227.7314453125,4120.8154296875,4165.50390625,32460075911,0.0,0.0
2025-09-24,4165.41259765625,4206.90185546875,4081.34765625,4153.46923828125,33538388785,0.0,0.0
2025-09-25,4153.52099609375,4162.0625,3829.0107421875,3868.333984375,68963092031,0.0,0.0
2025-09-26,3868.69091796875,4069.168701171875,3868.43359375,4035.887939453125,47873508328,0.0,0.0
2025-09-27,4035.91455078125,4038.45166015625,3975.758056640625,4018.658203125,20382555776,0.0,0.0
2025-09-28,4018.65966796875,4143.00390625,3969.79296875,4141.4765625,24631307054,0.0,0.0
2025-09-29,4141.3564453125,4234.78271484375,4087.92724609375,4217.341796875,38560429932,0.0,0.0
2025-09-30,4217.05517578125,4238.67138671875,4095.443603515625,4145.95751953125,37679153330,0.0,0.0
2025-10-01,4146.03369140625,4351.1123046875,4125.5419921875,4351.1123046875,46161664723,0.0,0.0
2025-10-02,4352.24072265625,4517.6650390625,4336.5263671875,4487.923828125,48074066058,0.0,0.0
2025-10-03,4486.9345703125,4591.44384765625,4431.47900390625,4514.87060546875,49603450230,0.0,0.0
2025-10-04,4514.9091796875,4519.52685546875,4444.0126953125,4489.197265625,21832270764,0.0,0.0
2025-10-05,4489.05322265625,4616.533203125,4472.138671875,4515.4228515625,44880806324,0.0,0.0
2025-10-06,4515.30078125,4736.208984375,4492.8701171875,4687.771484375,44992456374,0.0,0.0
2025-10-07,4687.7099609375,4755.22021484375,4443.5712890625,4451.15185546875,54879425294,0.0,0.0
2025-10-08,4451.10791015625,4556.2216796875,4417.76806640625,4527.64794921875,40456628235,0.0,0.0
2025-10-09,4526.9609375,4531.716796875,4273.5595703125,4369.1435546875,47903074596,0.0,0.0
2025-10-10,4369.0654296875,4395.57080078125,3460.222412109375,3843.0087890625,97736621123,0.0,0.0
2025-10-11,3840.96044921875,3882.241455078125,3652.7900390625,3750.611572265625,62475475938,0.0,0.0
2025-10-12,3750.946044921875,4195.3974609375,3701.478271484375,4164.427734375,61216174681,0.0,0.0
2025-10-13,4164.04931640625,4292.845703125,4061.224609375,4245.4677734375,50253782420,0.0,0.0
2025-10-14,4245.37255859375,4265.10546875,3895.9736328125,4125.412109375,67094148347,0.0,0.0
2025-10-15,4125.361328125,4213.85595703125,3935.161376953125,3987.45947265625,50462889453,0.0,0.0
2025-10-16,3987.14892578125,4079.648193359375,3829.654052734375,3894.75439453125,49147390731,0.0,0.0
2025-10-17,3894.377685546875,3950.56689453125,3678.620361328125,3832.558837890625,57404271888,0.0,0.0
2025-10-18,3833.009521484375,3927.24560546875,3822.266357421875,3890.34619140625,23815676385,0.0,0.0
2025-10-19,3890.58349609375,4029.35546875,3843.77294921875,3984.649658203125,32870655221,0.0,0.0
2025-10-20,3984.6962890625,4084.15966796875,3911.726318359375,3980.76025390625,40224612563,0.0,0.0
2025-10-21,3980.740478515625,4109.533203125,3843.227783203125,3876.76416015625,49960290350,0.0,0.0
2025-10-22,3877.363037109375,3890.63232421875,3718.0771484375,3808.122314453125,46173305673,0.0,0.0
2025-10-23,3808.0849609375,3930.974853515625,3801.241455078125,3856.0263671875,36361652714,0.0,0.0
2025-10-24,3856.033203125,4002.561767578125,3849.724853515625,3934.5673828125,34090708715,0.0,0.0
2025-10-25,3934.489990234375,3967.6455078125,3914.640625,3953.470947265625,15245229017,0.0,0.0
2025-10-26,3953.437255859375,4177.310546875,3923.192626953125,4157.9892578125,29120786315,0.0,0.0
2025-10-27,4158.0107421875,4250.669921875,4099.56982421875,4120.1220703125,40271333201,0.0,0.0
2025-10-28,4120.27490234375,4173.50537109375,3940.834228515625,3982.262451171875,39684155177,0.0,0.0
2025-10-29,3980.759033203125,4036.35302734375,3849.538818359375,3903.35302734375,35255876156,0.0,0.0
2025-10-30,3903.322509765625,3948.22265625,3681.909423828125,3804.375244140625,39981939289,0.0,0.0
2025-10-31,3805.082763671875,3900.580322265625,3797.669189453125,3847.080322265625,37800100395,0.0,0.0
2025-11-01,3847.17138671875,3906.7802734375,3832.634765625,3874.18798828125,17490279524,0.0,0.0
2025-11-02,3873.894287109375,3914.87548828125,3839.997314453125,3911.063232421875,20479611654,0.0,0.0
2025-11-03,3911.747802734375,3912.63330078125,3560.263671875,3602.30810546875,53091469560,0.0,0.0
2025-11-04,3602.040771484375,3652.687255859375,3063.0869140625,3292.574462890625,76827517773,0.0,0.0
2025-11-05,3292.148193359375,3479.8095703125,3170.513916015625,3425.171142578125,46955882330,0.0,0.0
2025-11-06,3425.361083984375,3454.3359375,3245.28173828125,3312.2578125,36731850433,0.0,0.0
2025-11-07,3312.029296875,3471.804931640625,3195.896728515625,3435.301025390625,42609994022,0.0,0.0
2025-11-08,3435.1474609375,3482.268310546875,3357.713134765625,3400.3759765625,23613870398,0.0,0.0
2025-11-09,3400.0986328125,3616.43701171875,3359.717529296875,3582.621337890625,28821543888,0.0,0.0
2025-11-10,3583.44482421875,3656.14892578125,3508.98583984375,3568.4599609375,35638045619,0.0,0.0
2025-11-11,3568.47265625,3644.5283203125,3404.86181640625,3415.2822265625,39734688531,0.0,0.0
2025-11-12,3415.7958984375,3586.013916015625,3373.711669921875,3413.09423828125,34898956623,0.0,0.0
2025-11-13,3412.994873046875,3561.86083984375,3156.03076171875,3232.757080078125,50283416669,0.0,0.0
2025-11-14,3232.295166015625,3252.660888671875,3071.970703125,3103.78564453125,47003809463,0.0,0.0
2025-11-15,3104.230224609375,3227.690185546875,3104.230224609375,3166.63134765625,19932940649,0.0,0.0
2025-11-16,3166.79345703125,3244.837646484375,3007.07275390625,3092.847412109375,30987886524,0.0,0.0
2025-11-17,3092.941650390625,3218.13037109375,2957.3095703125,3024.538818359375,41026793235,0.0,0.0
2025-11-18,3024.4140625,3167.9326171875,2948.329345703125,3122.97900390625,41581494270,0.0,0.0
2025-11-19,3122.64599609375,3122.64599609375,2871.22802734375,3023.07080078125,40229739844,0.0,0.0
2025-11-20,3022.885498046875,3057.78857421875,2790.597900390625,2831.777587890625,43917885207,0.0,0.0
2025-11-21,2829.2646484375,2880.60302734375,2626.87158203125,2765.69921875,51476486049,0.0,0.0
2025-11-22,2766.090576171875,2795.4267578125,2704.502197265625,2767.607421875,15408928941,0.0,0.0
2025-11-23,2767.594970703125,2856.446533203125,2767.472900390625,2801.676025390625,20358404499,0.0,0.0
2025-11-24,2801.204345703125,2982.822021484375,2763.3779296875,2952.71337890625,32491657389,0.0,0.0
2025-11-25,2952.58447265625,2978.704345703125,2857.8359375,2957.936279296875,23336017779,0.0,0.0
2025-11-26,2958.32958984375,3043.927001953125,2889.890625,3027.81201171875,21433162961,0.0,0.0
2025-11-27,3027.799072265625,3070.73193359375,2987.19775390625,3014.542236328125,16972780500,0.0,0.0
2025-11-28,3014.543701171875,3095.033203125,2995.76513671875,3032.304443359375,20659958964,0.0,0.0
2025-11-29,3032.29541015625,3051.962890625,2966.850830078125,2991.685302734375,12775481230,0.0,0.0
2025-11-30,2991.375244140625,3051.597900390625,2978.826171875,2992.112548828125,11530446514,0.0,0.0
2025-12-01,2991.923095703125,2996.8818359375,2720.4365234375,2800.18896484375,36679598313,0.0,0.0
2025-12-02,2800.22314453125,3032.76123046875,2784.390625,2997.939697265625,26593645111,0.0,0.0
2025-12-03,2997.801513671875,3212.559814453125,2988.14208984375,3191.57177734375,29949301036,0.0,0.0
2025-12-04,3188.343505859375,3238.555419921875,3071.31005859375,3134.31640625,27434991113,0.0,0.0
2025-12-05,3134.357421875,3192.45703125,2989.83154296875,3024.432861328125,28000268228,0.0,0.0
2025-12-06,3024.487548828125,3067.661376953125,3013.98193359375,3040.207763671875,10962819760,0.0,0.0
2025-12-07,3040.17919921875,3148.7734375,2930.645263671875,3061.3017578125,20383496376,0.0,0.0
2025-12-08,3061.013671875,3177.86767578125,3043.703857421875,3125.197998046875,25262165670,0.0,0.0
2025-12-09,3124.942626953125,3395.838623046875,3092.87646484375,3321.114990234375,32012553374,0.0,0.0
2025-12-10,3321.2041015625,3446.622802734375,3290.14697265625,3325.39013671875,30694387989,0.0,0.0
2025-12-11,3324.38671875,3327.344482421875,3149.034423828125,3237.056884765625,29066243707,0.0,0.0
2025-12-12,3237.025634765625,3265.37255859375,3050.267333984375,3084.172607421875,24391003174,0.0,0.0
2025-12-13,3084.129638671875,3134.849365234375,3080.07861328125,3116.6953125,9916869400,0.0,0.0
2025-12-14,3116.743896484375,3128.622802734375,3034.692626953125,3060.5947265625,15619543350,0.0,0.0
2025-12-15,3060.4814453125,3175.1181640625,2899.685791015625,2964.18310546875,28765976892,0.0,0.0
2025-12-16,2964.379638671875,2978.92138671875,2890.01171875,2964.180908203125,22709189818,0.0,0.0
2025-12-17,2964.01953125,3025.8154296875,2791.333984375,2831.403564453125,26159825528,0.0,0.0
2025-12-18,2831.48828125,2994.552734375,2777.11962890625,2827.069091796875,29194181349,0.0,0.0
2025-12-19,2827.410400390625,3014.6123046875,2811.3916015625,2977.970703125,27870687989,0.0,0.0
2025-12-20,2977.869140625,2992.31005859375,2967.838623046875,2977.58251953125,7612418215,0.0,0.0
2025-12-21,2977.508544921875,3009.80712890625,2945.394775390625,3001.61376953125,11178096676,0.0,0.0
2025-12-22,3001.61279296875,3073.353759765625,2965.175048828125,3006.07373046875,20342034264,0.0,0.0
2025-12-23,3006.073974609375,3033.1962890625,2902.3330078125,2963.3740234375,21453213168,0.0,0.0
2025-12-24,2962.922607421875,2975.171142578125,2888.988037109375,2945.590576171875,13984770325,0.0,0.0
2025-12-25,2945.423095703125,2968.705078125,2891.10888671875,2903.57958984375,11828871179,0.0,0.0
2025-12-26,2903.625,2991.219970703125,2894.15380859375,2925.74560546875,18562196049,0.0,0.0
2025-12-27,2925.7451171875,2957.300537109375,2917.271240234375,2947.998291015625,7378783299,0.0,0.0
2025-12-28,2947.898193359375,2957.138671875,2925.745361328125,2948.568115234375,9227601389,0.0,0.0
2025-12-29,2948.55908203125,3051.94189453125,2908.748046875,2934.538330078125,25957694515,0.0,0.0
2025-12-30,2934.416259765625,3002.8046875,2916.330078125,2971.416748046875,18816704381,0.0,0.0
2025-12-31,2971.407470703125,3021.849609375,2959.143798828125,2967.03759765625,16451891101,0.0,0.0
2026-01-01,2966.997314453125,3006.01025390625,2966.84521484375,3000.394287109375,10268796662,0.0,0.0
2026-01-02,3000.453125,3146.984375,2989.9013671875,3124.422607421875,25242778003,0.0,0.0
2026-01-03,3124.310302734375,3135.025634765625,3077.4658203125,3125.91748046875,11460707919,0.0,0.0
2026-01-04,3125.960205078125,3160.551025390625,3119.427490234375,3140.71044921875,13890479323,0.0,0.0
2026-01-05,3141.486328125,3261.245849609375,3134.0927734375,3226.13037109375,27211995956,0.0,0.0
2026-01-06,3226.116455078125,3303.5634765625,3184.0146484375,3295.94677734375,27853981622,0.0,0.0
2026-01-07,3295.91259765625,3296.394287109375,3126.552001953125,3166.843994140625,22665982583,0.0,0.0
2026-01-08,3166.924072265625,3179.866455078125,3052.509765625,3104.382568359375,22760237888,0.0,0.0
2026-01-09,3104.334716796875,3140.709228515625,3058.096923828125,3083.047119140625,18879517395,0.0,0.0
2026-01-10,3083.16650390625,3099.16748046875,3075.135498046875,3082.39599609375,6960662969,0.0,0.0
2026-01-11,3082.407470703125,3141.9580078125,3080.747802734375,3118.88525390625,10497219711,0.0,0.0
2026-01-12,3118.828857421875,3166.219970703125,3068.07275390625,3092.3251953125,21152711365,0.0,0.0
2026-01-13,3092.008544921875,3352.580078125,3088.512939453125,3322.095458984375,27237310134,0.0,0.0
2026-01-14,3322.192138671875,3397.897705078125,3280.378662109375,3354.72265625,33926411912,0.0,0.0
2026-01-15,3354.765869140625,3382.44873046875,3276.820068359375,3317.101318359375,27598686935,0.0,0.0
2026-01-16,3317.341796875,3325.25048828125,3251.814453125,3295.482177734375,22732887284,0.0,0.0
2026-01-17,3295.482666015625,3328.283447265625,3282.661865234375,3308.8642578125,11206492253,0.0,0.0
2026-01-18,3308.90576171875,3367.167724609375,3278.4267578125,3281.15771484375,13557863288,0.0,0.0
2026-01-19,3282.19921875,3282.65478515625,3166.0166015625,3186.62109375,27956112545,0.0,0.0
2026-01-20,3186.62109375,3197.391845703125,2925.54345703125,2935.605712890625,32985301273,0.0,0.0
2026-01-21,2935.882080078125,3064.390625,2867.264404296875,2978.901123046875,35797876195,0.0,0.0
2026-01-22,2979.307861328125,3034.338134765625,2905.562744140625,2949.63330078125,21993593333,0.0,0.0
2026-01-23,2949.44580078125,3013.9541015625,2892.52099609375,2953.25634765625,22417700837,0.0,0.0
2026-01-24,2953.23828125,2965.46875,2942.444580078125,2948.74072265625,8198666763,0.0,0.0
2026-01-25,2948.534423828125,2955.016845703125,2785.896728515625,2815.90234375,22414089670,0.0,0.0
2026-01-26,2815.768798828125,2945.99755859375,2811.074951171875,2926.45703125,29668620102,0.0,0.0
2026-01-27,2926.201171875,3031.03857421875,2898.3115234375,3022.2109375,27976005223,0.0,0.0
2026-01-28,3022.237548828125,3040.718505859375,2981.589599609375,3006.607421875,21751566455,0.0,0.0
2026-01-29,3006.26171875,3008.03759765625,2751.64501953125,2818.232666015625,37487198041,0.0,0.0
2026-01-30,2818.135498046875,2823.91455078125,2633.8388671875,2702.375244140625,41877689970,0.0,0.0
2026-01-31,2702.301513671875,2709.53369140625,2248.69873046875,2445.091796875,47569532203,0.0,0.0
2026-02-01,2445.0693359375,2472.646240234375,2224.117919921875,2267.96484375,40358630560,0.0,0.0
2026-02-02,2267.5625,2393.0634765625,2158.937255859375,2344.356689453125,48844346396,0.0,0.0
2026-02-03,2344.44580078125,2357.2060546875,2109.05517578125,2227.558837890625,47906083919,0.0,0.0
2026-02-04,2227.967041015625,2291.13134765625,2074.102783203125,2143.504150390625,45219604814,0.0,0.0
2026-02-05,2143.618896484375,2167.139892578125,1818.664306640625,1821.68310546875,60381662655,0.0,0.0
2026-02-06,1821.12939453125,2090.328125,1748.627685546875,2063.386962890625,64998454203,0.0,0.0
2026-02-07,2063.333740234375,2115.824951171875,1995.9185791015625,2090.54931640625,41145430304,0.0,0.0
2026-02-08,2090.633544921875,2148.12060546875,2066.3837890625,2088.762939453125,19541713443,0.0,0.0
2026-02-09,2087.92138671875,2144.97607421875,2008.3623046875,2103.567626953125,26750982266,0.0,0.0
2026-02-10,2104.181884765625,2122.021484375,1990.1405029296875,2019.4974365234375,23267337087,0.0,0.0
2026-02-11,2019.580078125,2030.409423828125,1903.6851806640625,1940.621337890625,23922680362,0.0,0.0
2026-02-12,1940.8411865234375,1999.5028076171875,1897.3348388671875,1946.940673828125,20106364835,0.0,0.0
2026-02-13,1946.6107177734375,2069.456787109375,1924.136962890625,2048.52734375,20412430639,0.0,0.0
2026-02-14,2048.330322265625,2105.067626953125,2042.6414794921875,2086.009765625,16925555543,0.0,0.0
2026-02-15,2085.95361328125,2100.47900390625,1929.3944091796875,1966.04296875,31030538835,0.0,0.0
2026-02-16,1965.9232177734375,2021.0836181640625,1938.5450439453125,1997.917724609375,19219250473,0.0,0.0
2026-02-17,1997.9217529296875,2013.8560791015625,1941.7789306640625,1992.1943359375,20929890501,0.0,0.0
2026-02-18,1992.195068359375,2037.1585693359375,1923.8134765625,1953.97412109375,20187307041,0.0,0.0
2026-02-19,1953.994140625,1985.8076171875,1906.822021484375,1948.2010498046875,17380103826,0.0,0.0
2026-02-20,1948.268798828125,1980.2437744140625,1923.622802734375,1969.0223388671875,21682976627,0.0,0.0
2026-02-21,1968.86181640625,1994.8277587890625,1955.794189453125,1973.7371826171875,11561261802,0.0,0.0
2026-02-22,1973.57080078125,1982.2142333984375,1934.8607177734375,1957.805908203125,9488829492,0.0,0.0
2026-02-23,1958.1396484375,1958.1396484375,1838.0416259765625,1855.5028076171875,23731172668,0.0,0.0
2026-02-24,1855.4727783203125,1868.3206787109375,1804.1136474609375,1852.969482421875,18475122228,0.0,0.0
2026-02-25,1852.87548828125,2145.506103515625,1847.05419921875,2054.6279296875,27717195805,0.0,0.0
2026-02-26,2053.78271484375,2082.78662109375,1976.3575439453125,2026.7926025390625,23327720766,0.0,0.0
2026-02-27,2026.735107421875,2062.627197265625,1888.6287841796875,1930.7618408203125,21136821039,0.0,0.0
2026-02-28,1930.7469482421875,1983.9927978515625,1837.303466796875,1965.050537109375,21675923669,0.0,0.0
2026-03-01,1965.3902587890625,2053.28564453125,1909.098388671875,1939.066650390625,23649071468,0.0,0.0
2026-03-02,1939.0587158203125,2085.427978515625,1922.4390869140625,2027.2689208984375,26235436166,0.0,0.0
2026-03-03,2027.407958984375,2040.7916259765625,1930.4029541015625,1982.7689208984375,24100196312,0.0,0.0
2026-03-04,1982.711181640625,2198.65673828125,1946.0396728515625,2126.50537109375,33610946768,0.0,0.0
2026-03-05,2126.560546875,2163.0361328125,2056.01904296875,2071.60546875,22383576284,0.0,0.0
2026-03-06,2072.025634765625,2092.51513671875,1957.0150146484375,1978.751220703125,19733648079,0.0,0.0
2026-03-07,1978.6905517578125,1994.9705810546875,1950.0224609375,1969.4554443359375,10236899078,0.0,0.0
2026-03-08,1969.4522705078125,1978.7071533203125,1915.301025390625,1936.604736328125,16314032554,0.0,0.0
2026-03-09,1936.637451171875,2052.327392578125,1930.59912109375,1992.938232421875,24015826480,0.0,0.0
2026-03-10,1992.986083984375,2087.9853515625,1992.01416015625,2037.1204833984375,23552353781,0.0,0.0
2026-03-11,2037.1212158203125,2085.286376953125,2008.0386962890625,2051.5732421875,19031715359,0.0,0.0
2026-03-12,2051.7666015625,2094.32568359375,2019.27783203125,2073.13623046875,20624954899,0.0,0.0
2026-03-13,2073.289306640625,2206.813232421875,2071.582275390625,2092.5634765625,29345212033,0.0,0.0
2026-03-14,2092.558349609375,2105.5712890625,2062.659423828125,2097.086669921875,10073411269,0.0,0.0
2026-03-15,2096.880859375,2201.95556640625,2084.20947265625,2177.476318359375,15333885132,0.0,0.0
2026-03-16,2177.782958984375,2384.466552734375,2166.00244140625,2351.176025390625,38938369545,0.0,0.0
2026-03-17,2351.134765625,2375.455078125,2297.668701171875,2318.053466796875,26737564550,0.0,0.0
2026-03-18,2318.556884765625,2348.904296875,2154.584228515625,2203.671630859375,25617966362,0.0,0.0
2026-03-19,2203.478759765625,2232.203857421875,2099.88916015625,2137.423828125,24090913749,0.0,0.0
2026-03-20,2137.394287109375,2175.699462890625,2117.276123046875,2146.4970703125,17970488517,0.0,0.0
2026-03-21,2146.7099609375,2166.7158203125,2072.38330078125,2076.68994140625,8654913047,0.0,0.0
2026-03-22,2077.201171875,2125.9765625,2027.0478515625,2053.04833984375,16438149794,0.0,0.0
2026-03-23,2052.953125,2195.99169921875,2023.2718505859375,2152.14599609375,28509077302,0.0,0.0
2026-03-24,2152.114501953125,2174.325927734375,2103.3828125,2155.704345703125,18389631713,0.0,0.0
2026-03-25,2155.719482421875,2198.369873046875,2146.6162109375,2168.021484375,17086301657,0.0,0.0
2026-03-26,2168.02880859375,2171.156982421875,2033.7310791015625,2059.578369140625,18628112246,0.0,0.0
2026-03-27,2059.44873046875,2075.17041015625,1971.5067138671875,1991.27197265625,19453998121,0.0,0.0
2026-03-28,1991.283447265625,2038.7030029296875,1982.1300048828125,1992.694580078125,8641221084,0.0,0.0
2026-03-29,1992.69384765625,2016.545166015625,1939.5286865234375,1982.5596923828125,9451184647,0.0,0.0
2026-03-30,1982.5506591796875,2082.064697265625,1979.076904296875,2023.514892578125,17840662425,0.0,0.0
2026-03-31,2023.5206298828125,2118.796875,2011.7952880859375,2104.708251953125,21278561395,0.0,0.0
2026-04-01,2104.717529296875,2165.666259765625,2082.291748046875,2138.737060546875,19542997434,0.0,0.0
2026-04-02,2138.7236328125,2158.15771484375,2016.989990234375,2056.8525390625,18847170816,0.0,0.0
2026-04-03,2056.704833984375,2075.764404296875,2042.176025390625,2053.38525390625,9609678843,0.0,0.0
2026-04-04,2053.58447265625,2082.00244140625,2044.87158203125,2065.3515625,6926913517,0.0,0.0
2026-04-05,2065.37060546875,2120.49951171875,2022.6453857421875,2108.99560546875,9928800793,0.0,0.0
2026-04-06,2108.935791015625,2172.985107421875,2089.10009765625,2107.761474609375,19097527675,0.0,0.0
2026-04-07,2107.784912109375,2270.594970703125,2061.467529296875,2241.806640625,22588914083,0.0,0.0
2026-04-08,2242.276611328125,2269.8798828125,2181.231201171875,2190.33544921875,21469476310,0.0,0.0
2026-04-09,2190.33251953125,2243.972900390625,2158.017578125,2189.14404296875,17218638798,0.0,0.0
2026-04-10,2189.380859375,2257.18408203125,2176.851318359375,2245.148681640625,17131968712,0.0,0.0
2026-04-11,2245.1044921875,2327.457763671875,2230.751953125,2285.39013671875,12620960384,0.0,0.0
2026-04-12,2285.43017578125,2288.448486328125,2177.485595703125,2192.201171875,15307071617,0.0,0.0
2026-04-13,2192.33154296875,2393.759033203125,2176.32470703125,2370.71484375,23709131572,0.0,0.0
2026-04-14,2370.314453125,2415.52734375,2304.412353515625,2323.30859375,25185167270,0.0,0.0
2026-04-15,2323.34326171875,2384.999267578125,2310.70703125,2359.43701171875,17004367348,0.0,0.0
2026-04-16,2359.70458984375,2369.17236328125,2285.7099609375,2348.64501953125,20602833116,0.0,0.0
2026-04-17,2348.85498046875,2464.783447265625,2318.141845703125,2421.07177734375,26467618336,0.0,0.0
2026-04-18,2421.102294921875,2427.278076171875,2341.125732421875,2351.1005859375,14400085617,0.0,0.0
2026-04-19,2350.86181640625,2355.783203125,2254.697509765625,2264.9169921875,17083701612,0.0,0.0
2026-04-20,2264.87353515625,2346.2734375,2262.052978515625,2315.21240234375,19084768822,0.0,0.0
2026-04-21,2315.178466796875,2338.012451171875,2287.3798828125,2327.970458984375,16107716719,0.0,0.0
2026-04-22,2327.96484375,2422.8603515625,2314.590087890625,2376.088134765625,22465555335,0.0,0.0
2026-04-23,2376.087890625,2380.135986328125,2287.55322265625,2331.513916015625,19909161913,0.0,0.0
2026-04-24,2331.56884765625,2337.2666015625,2301.52734375,2315.690185546875,13371168064,0.0,0.0
2026-04-25,2315.741455078125,2323.410400390625,2302.201171875,2318.8291015625,6545621782,0.0,0.0
2026-04-26,2318.906494140625,2379.32421875,2307.565185546875,2369.72900390625,10622966933,0.0,0.0
2026-04-27,2369.841796875,2403.7265625,2267.409423828125,2303.06396484375,17879618684,0.0,0.0
2026-04-28,2303.079833984375,2310.442138671875,2259.057373046875,2289.419677734375,12761522276,0.0,0.0
2026-04-29,2289.203857421875,2345.538818359375,2281.736328125,2300.9599609375,16181889024,0.0,0.0
